TWC signature threshold and STD -0.791,0.029
Residue,TWC
CASP9:161,-1.2864655779800085
CASP9:165,3.3304521690219926
CASP9:166,3.5514097235835167
CASP9:167,3.0219774931261116
CASP9:170,-1.4643708654437166
CASP9:171,-1.6637818161314957
CASP9:176,5.641222270111558
CASP9:181,4.182126440277647
CASP9:182,3.2705802851975077
CASP9:183,-1.5768680152273513
CASP9:185,7.443912311954097
CASP9:189,3.1339439633778072
CASP9:192,-1.4553452478627862
CASP9:198,4.904446905203373
CASP9:202,3.003752471128347
CASP9:205,-2.3114053050534538
CASP9:206,-1.2567011508632273
CASP9:207,3.7999919414800987
CASP9:211,3.723762197410961
CASP9:217,-3.0243668807541884
CASP9:227,-1.970998075982911
CASP9:228,4.070149890950233
CASP9:233,-1.726236214746189
CASP9:234,-1.6783148347681625
CASP9:235,-1.9894496064050435
CASP9:237,7.044665467579979
CASP9:238,6.553020877743779
CASP9:244,3.603911533311404
CASP9:245,-1.6380303529504145
CASP9:247,4.465170978897317
CASP9:255,-2.837457615536254
CASP9:260,-1.5875986847283172
CASP9:261,3.435381052474271
CASP9:275,3.381002425164506
CASP9:284,4.062050780991108
CASP9:285,9.579328408253453
CASP9:287,3.6181088962048094
CASP9:289,-1.3912400539981635
CASP9:291,4.566036069073368
CASP9:293,-3.3731408307838886
CASP9:295,-1.7659055451938785
CASP9:322,-1.2639409706637585
CASP9:323,3.697482400573586
CASP9:327,-1.7040687126788745
CASP9:328,-1.6532190527217454
CASP9:331,-2.2432876150803
CASP9:348,-2.6011709855981042
CASP9:351,-2.8281891299418955
CASP9:354,-2.553690223032262
CASP9:360,-1.5804724618113395
CASP9:383,3.196267813027178
CASP9:385,7.619906119031326
CASP9:387,4.716171824613234
CASP9:393,-3.643490013270648
CASP9:401,-1.4728608621400294
