TWC signature threshold and STD -0.903,0.472
Residue,TWC
MCASP:137,-2.4141630320024805
MCASP:138,3.3304521690219926
MCASP:139,3.5514097235835167
MCASP:140,3.0219774931261116
MCASP:143,-1.4643708654437166
MCASP:144,-1.6637818161314957
MCASP:152,5.641222270111558
MCASP:154,4.182126440277647
MCASP:155,3.2705802851975077
MCASP:156,-1.5768680152273513
MCASP:158,7.443912311954097
MCASP:162,3.1339439633778072
MCASP:165,-1.4553452478627862
MCASP:172,4.904446905203373
MCASP:179,3.003752471128347
MCASP:190,-2.3114053050534538
MCASP:192,3.7999919414800987
MCASP:196,3.723762197410961
MCASP:202,-3.0243668807541884
MCASP:203,2.757035246684529
MCASP:210,-1.970998075982911
MCASP:211,4.070149890950233
MCASP:216,-1.726236214746189
MCASP:217,-1.6783148347681625
MCASP:218,-1.9894496064050435
MCASP:220,7.044665467579979
MCASP:221,6.553020877743779
MCASP:240,3.603911533311404
MCASP:241,-1.6380303529504145
MCASP:243,4.465170978897317
MCASP:250,-2.837457615536254
MCASP:251,2.914753258386498
MCASP:253,2.848644431368637
MCASP:254,-1.5875986847283172
MCASP:255,3.435381052474271
MCASP:266,3.381002425164506
MCASP:275,4.062050780991108
MCASP:276,9.579328408253453
MCASP:279,3.6181088962048094
MCASP:281,-1.3912400539981635
MCASP:283,4.566036069073368
MCASP:285,-3.3731408307838886
MCASP:287,-1.7659055451938785
MCASP:353,-1.3811952069852371
MCASP:380,-2.6011709855981042
MCASP:383,-2.8281891299418955
MCASP:386,-2.553690223032262
MCASP:401,2.687862300494109
MCASP:412,3.196267813027178
MCASP:414,7.619906119031326
MCASP:416,4.716171824613234
MCASP:425,-3.643490013270648
