TWC signature threshold and STD -0.19,0.186
Residue,TWC
5Sa:4,0.10447761194029845
5Sa:5,5.9440298507462686
5Sa:9,5.675373134328358
5Sa:12,5.589552238805971
5Sa:15,-0.3246268656716417
5Sa:19,5.720149253731343
5Sa:24,5.541044776119404
5Sa:26,6.25
5Sa:27,5.541044776119403
5Sa:34,6.75
5Sa:36,6.5
5Sa:39,6.1875
5Sa:40,6.75
5Sa:41,6.615671641791045
5Sa:42,5.5
5Sa:43,6.615671641791045
5Sa:47,5.406716417910448
5Sa:50,6.25
5Sa:53,6.75
5Sa:54,6.75
5Sa:59,-0.32835820895522394
5Sa:60,-0.26865671641791056
5Sa:66,-1.458955223880597
5Sa:67,-0.6007462686567164
5Sa:69,-0.9962686567164178
5Sa:70,-0.5373134328358209
5Sa:76,5.0
5Sa:77,5.5
5Sa:79,6.615671641791045
5Sa:81,-0.2574626865671642
5Sa:84,-1.1809701492537314
5Sa:89,-0.5298507462686567
5Sa:95,-0.17910447761194034
5Sa:97,6.5
5Sa:100,5.0
5Sa:103,-1.705223880597015
5Sa:104,-0.39925373134328357
5Sa:106,-0.746268656716418
5Sa:108,-0.0037313432835821003
5Sa:114,5.876865671641791
5Sa:118,-0.6958955223880597
5Sa:119,-0.10074626865671643
