TWC signature threshold and STD -0.429,0.029
Residue,TWC
MCASP:139,4.015000000000001
MCASP:140,3.4202631578947376
MCASP:143,-1.9349999999999998
MCASP:144,-1.0139473684210525
MCASP:147,-0.9509210526315789
MCASP:152,4.567631578947369
MCASP:154,7.065
MCASP:156,-1.5639473684210525
MCASP:157,-1.7771052631578947
MCASP:158,7.065
MCASP:162,3.415000000000001
MCASP:172,5.428157894736842
MCASP:178,-0.8823684210526312
MCASP:190,-1.1718421052631578
MCASP:191,-1.8823684210526315
MCASP:192,3.572894736842106
MCASP:196,3.2886842105263163
MCASP:202,-1.6613157894736839
MCASP:203,3.872894736842105
MCASP:207,-1.1349999999999998
MCASP:210,-1.442894736842105
MCASP:211,6.170263157894738
MCASP:216,-1.5902631578947366
MCASP:218,-0.8823684210526314
MCASP:220,8.591315789473683
MCASP:221,7.065
MCASP:239,3.157105263157895
MCASP:243,6.801842105263158
MCASP:248,5.23303947368421
MCASP:253,3.3123684210526316
MCASP:255,3.522894736842106
MCASP:256,-1.0797368421052629
MCASP:266,6.283026315789473
MCASP:267,-1.1303947368421055
MCASP:276,10.065
MCASP:279,6.465
MCASP:283,6.486052631578948
MCASP:284,-1.1981578947368419
MCASP:286,3.998815789473685
MCASP:355,3.429315789473685
MCASP:380,-1.7713157894736842
MCASP:386,-1.035
MCASP:401,3.9650000000000003
MCASP:412,3.2978947368421054
MCASP:414,5.785000000000001
MCASP:416,7.165
MCASP:425,-1.4573684210526316
