TWC signature threshold and STD 1.347,0.075
Residue,TWC
CASP9:166,4.015000000000001
CASP9:167,3.4202631578947376
CASP9:170,-1.9349999999999998
CASP9:171,-1.0139473684210525
CASP9:174,-0.9509210526315789
CASP9:176,4.567631578947369
CASP9:181,7.065
CASP9:183,-1.5639473684210525
CASP9:184,-1.7771052631578947
CASP9:185,7.065
CASP9:189,3.415000000000001
CASP9:198,5.428157894736842
CASP9:201,-0.8823684210526312
CASP9:205,-1.1718421052631578
CASP9:206,-1.8823684210526315
CASP9:207,3.572894736842106
CASP9:217,-1.6613157894736839
CASP9:218,3.872894736842105
CASP9:224,-1.1349999999999998
CASP9:227,-1.442894736842105
CASP9:228,6.170263157894738
CASP9:233,-1.5902631578947366
CASP9:235,-0.8823684210526314
CASP9:237,8.591315789473683
CASP9:238,7.065
CASP9:247,6.801842105263158
CASP9:248,5.23303947368421
CASP9:255,-0.8718421052631575
CASP9:261,3.522894736842106
CASP9:262,-1.0797368421052629
CASP9:275,6.283026315789473
CASP9:276,-1.1303947368421055
CASP9:285,10.065
CASP9:287,6.465
CASP9:291,6.486052631578948
CASP9:292,-1.1981578947368419
CASP9:294,3.998815789473685
CASP9:323,4.049828947368422
CASP9:348,-1.7713157894736842
CASP9:354,-1.035
CASP9:370,3.9650000000000003
CASP9:385,5.785000000000001
CASP9:387,7.165
CASP9:393,-1.4573684210526316
