TWC signature threshold and STD 0.299,0.0
Residue,TWC
5Sb:4,-0.48973880597014924
5Sb:8,0.10447761194029845
5Sb:9,5.9440298507462686
5Sb:13,5.675373134328358
5Sb:16,5.589552238805971
5Sb:19,-0.3246268656716417
5Sb:20,-0.35727611940298504
5Sb:24,5.720149253731343
5Sb:28,5.541044776119404
5Sb:30,6.25
5Sb:31,5.541044776119403
5Sb:38,6.75
5Sb:40,6.5
5Sb:43,6.1875
5Sb:44,6.75
5Sb:45,6.615671641791045
5Sb:46,5.5
5Sb:47,6.615671641791045
5Sb:51,5.406716417910448
5Sb:54,6.25
5Sb:57,6.75
5Sb:58,6.75
5Sb:63,-0.32835820895522394
5Sb:64,-0.26865671641791056
5Sb:70,-1.458955223880597
5Sb:71,-0.6007462686567164
5Sb:73,-0.9962686567164178
5Sb:74,-0.5373134328358209
5Sb:77,5.0
5Sb:78,5.5
5Sb:80,6.615671641791045
5Sb:82,-0.2574626865671642
5Sb:85,-1.1809701492537314
5Sb:94,-0.17910447761194034
5Sb:96,6.5
5Sb:99,5.0
5Sb:101,-1.705223880597015
5Sb:102,-0.39925373134328357
5Sb:104,-0.746268656716418
5Sb:106,-0.0037313432835821003
5Sb:112,5.876865671641791
5Sb:116,-0.6958955223880597
5Sb:117,-0.10074626865671643
