TWC signature threshold and STD -0.894,0.14
Residue,TWC
CASP9:161,-1.276482916065192
CASP9:165,3.2505761500771597
CASP9:166,3.471533704638683
CASP9:170,-1.4655874873097856
CASP9:171,-1.6649984379975644
CASP9:176,5.651204932026374
CASP9:181,4.180909818411577
CASP9:182,3.2267411345839925
CASP9:183,-1.5804043499926559
CASP9:185,7.400073161340583
CASP9:189,3.0901048127642925
CASP9:192,-1.499184398476301
CASP9:198,4.854713397610624
CASP9:205,-2.318071547896275
CASP9:206,-1.257917772729296
CASP9:207,3.809974603394915
CASP9:211,3.6799230467974464
CASP9:217,-3.0475948380080276
CASP9:227,-1.977664318825732
CASP9:228,4.063483648107413
CASP9:233,-1.8061122336910225
CASP9:234,-1.7581908537129953
CASP9:235,-2.0693256253498764
CASP9:237,7.03799922473716
CASP9:238,6.502374956738021
CASP9:240,3.24972709604696
CASP9:244,3.588504270936506
CASP9:245,-1.6392469748164835
CASP9:247,4.475153640812133
CASP9:255,-2.8881035365420127
CASP9:260,-1.6258984404227628
CASP9:261,3.3915419018607564
CASP9:275,3.374957512162701
CASP9:278,-1.1684094179315827
CASP9:280,-1.2010049648161023
CASP9:284,4.06083415912504
CASP9:285,9.58931107016827
CASP9:287,3.6114426533619883
CASP9:291,4.5506288066984695
CASP9:293,-3.3631581688690724
CASP9:294,3.704898372033008
CASP9:323,4.695778512146232
CASP9:325,3.45869483971906
CASP9:331,-1.2085185027459282
CASP9:348,-2.653478202661597
CASP9:351,-2.8514170871957347
CASP9:354,-2.597529373645777
CASP9:383,3.230406409960765
CASP9:385,7.6174917230218995
CASP9:387,4.666438317020484
CASP9:388,-1.11203458135407
CASP9:393,-3.6605409500556907
