TWC signature threshold and STD -1.188,0.127
Residue,TWC
MCASP:135,-1.276482916065192
MCASP:137,-1.4059494758626327
MCASP:138,3.2505761500771597
MCASP:139,3.471533704638683
MCASP:140,2.9421014741812788
MCASP:143,-1.4655874873097856
MCASP:144,-1.6649984379975644
MCASP:152,5.651204932026374
MCASP:154,4.180909818411577
MCASP:155,3.2267411345839925
MCASP:156,-1.5804043499926559
MCASP:158,7.400073161340583
MCASP:162,3.0901048127642925
MCASP:165,-1.499184398476301
MCASP:172,4.854713397610624
MCASP:179,2.9531065501225893
MCASP:190,-2.318071547896275
MCASP:191,-1.257917772729296
MCASP:192,3.809974603394915
MCASP:196,3.6799230467974464
MCASP:202,-3.0475948380080276
MCASP:210,-1.977664318825732
MCASP:211,4.063483648107413
MCASP:216,-1.8061122336910225
MCASP:217,-1.7581908537129953
MCASP:218,-2.0693256253498764
MCASP:220,7.03799922473716
MCASP:221,6.502374956738021
MCASP:223,3.24972709604696
MCASP:240,3.588504270936506
MCASP:241,-1.6392469748164835
MCASP:243,4.475153640812133
MCASP:250,-2.8881035365420127
MCASP:251,2.86410733738074
MCASP:253,2.8378856669781816
MCASP:254,-1.6258984404227628
MCASP:255,3.3915419018607564
MCASP:266,3.374957512162701
MCASP:269,-1.1684094179315827
MCASP:271,-1.2010049648161023
MCASP:275,4.06083415912504
MCASP:276,9.58931107016827
MCASP:279,3.6114426533619883
MCASP:283,4.5506288066984695
MCASP:285,-3.3631581688690724
MCASP:286,3.704898372033008
MCASP:355,2.939899114336974
MCASP:380,-2.653478202661597
MCASP:383,-2.8514170871957347
MCASP:386,-2.597529373645777
MCASP:397,-1.0542519985100973
MCASP:412,3.230406409960765
MCASP:414,7.6174917230218995
MCASP:416,4.666438317020484
MCASP:417,-1.11203458135407
MCASP:425,-3.6605409500556907
